IDSUCURSAL;CODIGOBARRAS;NOMBRE;FECHAINICIO;FECHAFIN;TIPOPROMOCION;VALOR1;VALOR2
1;1000000000000;Sonsing;2/01/2017;2/01/2018;1;8743;17
2;1000000000001;Gembucket;3/01/2017;3/01/2018;2;666;33
3;1000000000002;Zaam-Dox;4/01/2017;4/01/2018;3;5272;77
4;1000000000003;Asoka;5/01/2017;5/01/2018;4;5964;94
5;1000000000004;Matsoft;6/01/2017;6/01/2018;5;7541;52
6;1000000000005;Flexidy;7/01/2017;7/01/2018;1;9206;4
7;1000000000006;Fintone;8/01/2017;8/01/2018;2;6968;12
8;1000000000007;Greenlam;9/01/2017;9/01/2018;3;7411;33
9;1000000000008;Y-Solowarm;10/01/2017;10/01/2018;4;6979;65
10;1000000000009;Zontrax;11/01/2017;11/01/2018;5;263;55
11;1000000000010;Bamity;12/01/2017;12/01/2018;1;9309;61
12;1000000000011;Lotstring;13/01/2017;13/01/2018;2;8230;10
13;1000000000012;Kanlam;14/01/2017;14/01/2018;3;2748;35
14;1000000000013;Sub-Ex;15/01/2017;15/01/2018;4;3336;49
15;1000000000014;Otcom;16/01/2017;16/01/2018;5;9021;46
16;1000000000015;Bitchip;17/01/2017;17/01/2018;1;5995;47
17;1000000000016;Tres-Zap;18/01/2017;18/01/2018;2;4737;6
18;1000000000017;Biodex;19/01/2017;19/01/2018;3;7946;62
19;1000000000018;Lotlux;20/01/2017;20/01/2018;4;2520;68
20;1000000000019;Daltfresh;21/01/2017;21/01/2018;5;7863;80
21;1000000000020;Bamity;22/01/2017;22/01/2018;1;3478;46
22;1000000000021;Otcom;23/01/2017;23/01/2018;2;1964;69
23;1000000000022;Sub-Ex;24/01/2017;24/01/2018;3;2133;75
24;1000000000023;Home Ing;25/01/2017;25/01/2018;4;4932;7
25;1000000000024;Voltsillam;26/01/2017;26/01/2018;5;4069;42
26;1000000000025;Zontrax;27/01/2017;27/01/2018;1;7233;35
27;1000000000026;Bitwolf;28/01/2017;28/01/2018;2;7368;49
28;1000000000027;Matsoft;29/01/2017;29/01/2018;3;7801;8
29;1000000000028;Latlux;30/01/2017;30/01/2018;4;8959;77
30;1000000000029;Biodex;31/01/2017;31/01/2018;5;6456;91
31;1000000000030;Quo Lux;1/02/2017;1/02/2018;1;2200;19
32;1000000000031;Matsoft;2/02/2017;2/02/2018;2;9661;96
33;1000000000032;Tin;3/02/2017;3/02/2018;3;1117;5
34;1000000000033;Konklux;4/02/2017;4/02/2018;4;4641;51
35;1000000000034;Bitchip;5/02/2017;5/02/2018;5;7462;97
36;1000000000035;Tempsoft;6/02/2017;6/02/2018;1;9532;35
37;1000000000036;Flowdesk;7/02/2017;7/02/2018;2;8365;25
38;1000000000037;Fintone;8/02/2017;8/02/2018;3;4784;21
39;1000000000038;Sub-Ex;9/02/2017;9/02/2018;4;8203;3
40;1000000000039;Biodex;10/02/2017;10/02/2018;5;3106;55
41;1000000000040;Bamity;11/02/2017;11/02/2018;1;4967;39
42;1000000000041;Fintone;12/02/2017;12/02/2018;2;9791;54
43;1000000000042;Overhold;13/02/2017;13/02/2018;3;5067;75
44;1000000000043;Bitchip;14/02/2017;14/02/2018;4;53;99
45;1000000000044;Zaam-Dox;15/02/2017;15/02/2018;5;4555;30
46;1000000000045;Sonair;16/02/2017;16/02/2018;1;2615;46
47;1000000000046;Regrant;17/02/2017;17/02/2018;2;6264;43
48;1000000000047;Zathin;18/02/2017;18/02/2018;3;906;4
49;1000000000048;Fix San;19/02/2017;19/02/2018;4;1210;8
50;1000000000049;Alphazap;20/02/2017;20/02/2018;5;654;72
51;1000000000050;Sonair;21/02/2017;21/02/2018;1;5328;53
52;1000000000051;Opela;22/02/2017;22/02/2018;2;8242;36
53;1000000000052;Zoolab;23/02/2017;23/02/2018;3;5569;49
54;1000000000053;Konklab;24/02/2017;24/02/2018;4;9359;35
55;1000000000054;Konklab;25/02/2017;25/02/2018;5;6212;78
56;1000000000055;Temp;26/02/2017;26/02/2018;1;4861;89
57;1000000000056;Veribet;27/02/2017;27/02/2018;2;8696;22
58;1000000000057;Treeflex;28/02/2017;28/02/2018;3;6872;73
59;1000000000058;Opela;1/03/2017;1/03/2018;4;2291;16
60;1000000000059;Gembucket;2/03/2017;2/03/2018;5;9131;81
61;1000000000060;Cardify;3/03/2017;3/03/2018;1;8395;62
62;1000000000061;Ventosanzap;4/03/2017;4/03/2018;2;2416;67
63;1000000000062;Daltfresh;5/03/2017;5/03/2018;3;1515;3
64;1000000000063;Viva;6/03/2017;6/03/2018;4;4491;9
65;1000000000064;Gembucket;7/03/2017;7/03/2018;5;1119;6
66;1000000000065;Voyatouch;8/03/2017;8/03/2018;1;8219;14
67;1000000000066;Job;9/03/2017;9/03/2018;2;9298;99
68;1000000000067;Rank;10/03/2017;10/03/2018;3;5218;61
69;1000000000068;Otcom;11/03/2017;11/03/2018;4;1549;59
70;1000000000069;Sonair;12/03/2017;12/03/2018;5;2099;4
71;1000000000070;Zontrax;13/03/2017;13/03/2018;1;7278;92
72;1000000000071;Konklux;14/03/2017;14/03/2018;2;1764;72
73;1000000000072;Subin;15/03/2017;15/03/2018;3;6107;32
74;1000000000073;Y-find;16/03/2017;16/03/2018;4;4214;23
75;1000000000074;Otcom;17/03/2017;17/03/2018;5;4317;78
76;1000000000075;Stringtough;18/03/2017;18/03/2018;1;4157;79
77;1000000000076;Stronghold;19/03/2017;19/03/2018;2;8981;40
78;1000000000077;Bigtax;20/03/2017;20/03/2018;3;6956;37
79;1000000000078;Opela;21/03/2017;21/03/2018;4;1226;31
80;1000000000079;Pannier;22/03/2017;22/03/2018;5;7564;2
81;1000000000080;Pannier;23/03/2017;23/03/2018;1;6794;15
82;1000000000081;Matsoft;24/03/2017;24/03/2018;2;3625;47
83;1000000000082;It;25/03/2017;25/03/2018;3;7075;97
84;1000000000083;Bigtax;26/03/2017;26/03/2018;4;6724;61
85;1000000000084;Holdlamis;27/03/2017;27/03/2018;5;5912;26
86;1000000000085;Rank;28/03/2017;28/03/2018;1;5176;77
87;1000000000086;Konklux;29/03/2017;29/03/2018;2;3159;23
88;1000000000087;Gembucket;30/03/2017;30/03/2018;3;9082;78
89;1000000000088;Tampflex;31/03/2017;31/03/2018;4;7509;22
90;1000000000089;Redhold;1/04/2017;1/04/2018;5;4403;98
91;1000000000090;Otcom;2/04/2017;2/04/2018;1;5842;31
92;1000000000091;Pannier;3/04/2017;3/04/2018;2;5740;88
93;1000000000092;Tin;4/04/2017;4/04/2018;3;5638;39
94;1000000000093;Ventosanzap;5/04/2017;5/04/2018;4;9641;66
95;1000000000094;Gembucket;6/04/2017;6/04/2018;5;954;54
96;1000000000095;Fix San;7/04/2017;7/04/2018;1;5277;72
97;1000000000096;Stim;8/04/2017;8/04/2018;2;502;67
98;1000000000097;Zathin;9/04/2017;9/04/2018;3;8809;39
99;1000000000098;Kanlam;10/04/2017;10/04/2018;4;4822;69
100;1000000000099;Overhold;11/04/2017;11/04/2018;5;8997;41
101;1000000000100;Flowdesk;12/04/2017;12/04/2018;1;2151;86
102;1000000000101;Overhold;13/04/2017;13/04/2018;2;1455;60
103;1000000000102;Ronstring;14/04/2017;14/04/2018;3;8793;62
104;1000000000103;Latlux;15/04/2017;15/04/2018;4;225;7
105;1000000000104;Namfix;16/04/2017;16/04/2018;5;1767;97
106;1000000000105;Trippledex;17/04/2017;17/04/2018;1;1242;89
107;1000000000106;Cookley;18/04/2017;18/04/2018;2;8422;84
108;1000000000107;Toughjoyfax;19/04/2017;19/04/2018;3;1110;0
109;1000000000108;Voyatouch;20/04/2017;20/04/2018;4;7900;92
110;1000000000109;Fintone;21/04/2017;21/04/2018;5;8441;4
111;1000000000110;Tresom;22/04/2017;22/04/2018;1;7880;7
112;1000000000111;Bamity;23/04/2017;23/04/2018;2;9906;29
113;1000000000112;Fix San;24/04/2017;24/04/2018;3;8424;7
114;1000000000113;Sonsing;25/04/2017;25/04/2018;4;5592;14
115;1000000000114;Bitwolf;26/04/2017;26/04/2018;5;6463;76
116;1000000000115;Tampflex;27/04/2017;27/04/2018;1;6859;42
117;1000000000116;Voltsillam;28/04/2017;28/04/2018;2;6963;52
118;1000000000117;Treeflex;29/04/2017;29/04/2018;3;820;10
119;1000000000118;Alphazap;30/04/2017;30/04/2018;4;2202;1
120;1000000000119;Sub-Ex;1/05/2017;1/05/2018;5;7880;99
121;1000000000120;Aerified;2/05/2017;2/05/2018;1;8494;16
122;1000000000121;Alphazap;3/05/2017;3/05/2018;2;8992;9
123;1000000000122;Bamity;4/05/2017;4/05/2018;3;4712;98
124;1000000000123;Viva;5/05/2017;5/05/2018;4;5482;7
125;1000000000124;Andalax;6/05/2017;6/05/2018;5;5021;22
126;1000000000125;Matsoft;7/05/2017;7/05/2018;1;8983;79
127;1000000000126;Ronstring;8/05/2017;8/05/2018;2;4719;70
128;1000000000127;Duobam;9/05/2017;9/05/2018;3;6652;87
129;1000000000128;Flexidy;10/05/2017;10/05/2018;4;5807;49
130;1000000000129;Cardify;11/05/2017;11/05/2018;5;1165;77
131;1000000000130;Bitchip;12/05/2017;12/05/2018;1;652;8
132;1000000000131;Daltfresh;13/05/2017;13/05/2018;2;1817;81
133;1000000000132;Wrapsafe;14/05/2017;14/05/2018;3;6841;55
134;1000000000133;Bitwolf;15/05/2017;15/05/2018;4;2219;0
135;1000000000134;Opela;16/05/2017;16/05/2018;5;5224;46
136;1000000000135;Bigtax;17/05/2017;17/05/2018;1;9839;57
137;1000000000136;Lotlux;18/05/2017;18/05/2018;2;8537;8
138;1000000000137;Ventosanzap;19/05/2017;19/05/2018;3;8786;99
139;1000000000138;Pannier;20/05/2017;20/05/2018;4;3170;15
140;1000000000139;Home Ing;21/05/2017;21/05/2018;5;1333;68
141;1000000000140;Trippledex;22/05/2017;22/05/2018;1;7421;59
142;1000000000141;Pannier;23/05/2017;23/05/2018;2;8366;51
143;1000000000142;Wrapsafe;24/05/2017;24/05/2018;3;1976;36
144;1000000000143;Stim;25/05/2017;25/05/2018;4;5921;22
145;1000000000144;Bitwolf;26/05/2017;26/05/2018;5;758;17
146;1000000000145;Daltfresh;27/05/2017;27/05/2018;1;4276;8
147;1000000000146;Tampflex;28/05/2017;28/05/2018;2;5210;89
148;1000000000147;Redhold;29/05/2017;29/05/2018;3;5206;27
149;1000000000148;Flowdesk;30/05/2017;30/05/2018;4;1698;52
150;1000000000149;Cardify;31/05/2017;31/05/2018;5;5848;52
1;1000000000150;Namfix;1/06/2017;1/06/2018;1;7415;25
2;1000000000151;Holdlamis;2/06/2017;2/06/2018;2;4124;7
3;1000000000152;Otcom;3/06/2017;3/06/2018;3;8150;75
4;1000000000153;Sonair;4/06/2017;4/06/2018;4;5346;89
5;1000000000154;Redhold;5/06/2017;5/06/2018;5;2205;98
6;1000000000155;Otcom;6/06/2017;6/06/2018;1;8535;64
7;1000000000156;Lotstring;7/06/2017;7/06/2018;2;9701;4
8;1000000000157;Zoolab;8/06/2017;8/06/2018;3;8072;25
9;1000000000158;Greenlam;9/06/2017;9/06/2018;4;1418;17
10;1000000000159;Y-find;10/06/2017;10/06/2018;5;6814;7
11;1000000000160;Ronstring;11/06/2017;11/06/2018;1;8538;33
12;1000000000161;Span;12/06/2017;12/06/2018;2;5256;47
13;1000000000162;Bigtax;13/06/2017;13/06/2018;3;8122;82
14;1000000000163;Andalax;14/06/2017;14/06/2018;4;6770;4
15;1000000000164;Bytecard;15/06/2017;15/06/2018;5;1442;95
16;1000000000165;Sub-Ex;16/06/2017;16/06/2018;1;8170;17
17;1000000000166;Keylex;17/06/2017;17/06/2018;2;3291;73
18;1000000000167;Otcom;18/06/2017;18/06/2018;3;1665;6
19;1000000000168;Tempsoft;19/06/2017;19/06/2018;4;6153;71
20;1000000000169;Konklab;20/06/2017;20/06/2018;5;4868;12
21;1000000000170;Voyatouch;21/06/2017;21/06/2018;1;3208;13
22;1000000000171;Sonair;22/06/2017;22/06/2018;2;4453;97
23;1000000000172;Job;23/06/2017;23/06/2018;3;5023;0
24;1000000000173;Tin;24/06/2017;24/06/2018;4;6099;45
25;1000000000174;Matsoft;25/06/2017;25/06/2018;5;2845;84
26;1000000000175;Vagram;26/06/2017;26/06/2018;1;5680;85
27;1000000000176;Zaam-Dox;27/06/2017;27/06/2018;2;1714;26
28;1000000000177;Overhold;28/06/2017;28/06/2018;3;9285;61
29;1000000000178;Alpha;29/06/2017;29/06/2018;4;7542;41
30;1000000000179;Mat Lam Tam;30/06/2017;30/06/2018;5;8482;68
31;1000000000180;Zamit;1/07/2017;1/07/2018;1;3341;99
32;1000000000181;Solarbreeze;2/07/2017;2/07/2018;2;7007;92
33;1000000000182;Temp;3/07/2017;3/07/2018;3;7740;31
34;1000000000183;Holdlamis;4/07/2017;4/07/2018;4;5641;15
35;1000000000184;Keylex;5/07/2017;5/07/2018;5;9930;63
36;1000000000185;Andalax;6/07/2017;6/07/2018;1;9105;45
37;1000000000186;Duobam;7/07/2017;7/07/2018;2;6259;30
38;1000000000187;Daltfresh;8/07/2017;8/07/2018;3;7899;45
39;1000000000188;Opela;9/07/2017;9/07/2018;4;3483;84
40;1000000000189;Kanlam;10/07/2017;10/07/2018;5;8824;19
41;1000000000190;Solarbreeze;11/07/2017;11/07/2018;1;7279;51
42;1000000000191;Temp;12/07/2017;12/07/2018;2;2902;40
43;1000000000192;Regrant;13/07/2017;13/07/2018;3;4278;83
44;1000000000193;Span;14/07/2017;14/07/2018;4;8148;73
45;1000000000194;Cookley;15/07/2017;15/07/2018;5;1612;87
46;1000000000195;Konklab;16/07/2017;16/07/2018;1;5781;77
47;1000000000196;Bamity;17/07/2017;17/07/2018;2;3680;5
48;1000000000197;Biodex;18/07/2017;18/07/2018;3;2248;23
49;1000000000198;Hatity;19/07/2017;19/07/2018;4;6209;71
50;1000000000199;Y-Solowarm;20/07/2017;20/07/2018;5;5207;18
51;1000000000200;Cookley;21/07/2017;21/07/2018;1;4049;81
52;1000000000201;Treeflex;22/07/2017;22/07/2018;2;2227;51
53;1000000000202;Bitwolf;23/07/2017;23/07/2018;3;7927;31
54;1000000000203;Bitwolf;24/07/2017;24/07/2018;4;6811;71
55;1000000000204;Toughjoyfax;25/07/2017;25/07/2018;5;7471;35
56;1000000000205;Y-find;26/07/2017;26/07/2018;1;8767;94
57;1000000000206;Y-find;27/07/2017;27/07/2018;2;2714;48
58;1000000000207;Sub-Ex;28/07/2017;28/07/2018;3;8269;12
59;1000000000208;Ronstring;29/07/2017;29/07/2018;4;7920;1
60;1000000000209;Fixflex;30/07/2017;30/07/2018;5;8594;15
61;1000000000210;Tresom;31/07/2017;31/07/2018;1;9306;0
62;1000000000211;Y-find;1/08/2017;1/08/2018;2;5262;59
63;1000000000212;Cardguard;2/08/2017;2/08/2018;3;5675;77
64;1000000000213;Zoolab;3/08/2017;3/08/2018;4;7037;71
65;1000000000214;Job;4/08/2017;4/08/2018;5;2314;52
66;1000000000215;Regrant;5/08/2017;5/08/2018;1;9054;95
67;1000000000216;Cookley;6/08/2017;6/08/2018;2;7695;64
68;1000000000217;Trippledex;7/08/2017;7/08/2018;3;1437;19
69;1000000000218;Kanlam;8/08/2017;8/08/2018;4;6512;22
70;1000000000219;Tresom;9/08/2017;9/08/2018;5;3953;23
71;1000000000220;Daltfresh;10/08/2017;10/08/2018;1;4481;73
72;1000000000221;Matsoft;11/08/2017;11/08/2018;2;6290;89
73;1000000000222;Quo Lux;12/08/2017;12/08/2018;3;4076;75
74;1000000000223;Job;13/08/2017;13/08/2018;4;926;68
75;1000000000224;Voyatouch;14/08/2017;14/08/2018;5;2837;98
76;1000000000225;Voltsillam;15/08/2017;15/08/2018;1;9316;30
77;1000000000226;Otcom;16/08/2017;16/08/2018;2;2992;12
78;1000000000227;Treeflex;17/08/2017;17/08/2018;3;8031;76
79;1000000000228;Bitchip;18/08/2017;18/08/2018;4;7513;24
80;1000000000229;Stringtough;19/08/2017;19/08/2018;5;6577;34
81;1000000000230;Zoolab;20/08/2017;20/08/2018;1;7602;51
82;1000000000231;Bytecard;21/08/2017;21/08/2018;2;9460;16
83;1000000000232;Sub-Ex;22/08/2017;22/08/2018;3;2704;6
84;1000000000233;Trippledex;23/08/2017;23/08/2018;4;7093;46
85;1000000000234;It;24/08/2017;24/08/2018;5;7264;96
86;1000000000235;Mat Lam Tam;25/08/2017;25/08/2018;1;1683;19
87;1000000000236;Subin;26/08/2017;26/08/2018;2;4802;55
88;1000000000237;Duobam;27/08/2017;27/08/2018;3;1633;89
89;1000000000238;Sub-Ex;28/08/2017;28/08/2018;4;1096;16
90;1000000000239;Kanlam;29/08/2017;29/08/2018;5;186;68
91;1000000000240;Tin;30/08/2017;30/08/2018;1;4709;40
92;1000000000241;Sub-Ex;31/08/2017;31/08/2018;2;5016;9
93;1000000000242;Transcof;1/09/2017;1/09/2018;3;104;84
94;1000000000243;Stim;2/09/2017;2/09/2018;4;1994;84
95;1000000000244;Subin;3/09/2017;3/09/2018;5;3639;41
96;1000000000245;Cardify;4/09/2017;4/09/2018;1;1867;29
97;1000000000246;Treeflex;5/09/2017;5/09/2018;2;2243;70
98;1000000000247;Holdlamis;6/09/2017;6/09/2018;3;904;20
99;1000000000248;Zathin;7/09/2017;7/09/2018;4;3546;30
100;1000000000249;Namfix;8/09/2017;8/09/2018;5;3833;51
101;1000000000250;Voltsillam;9/09/2017;9/09/2018;1;3205;61
102;1000000000251;Fix San;10/09/2017;10/09/2018;2;6559;12
103;1000000000252;Zoolab;11/09/2017;11/09/2018;3;1824;26
104;1000000000253;Toughjoyfax;12/09/2017;12/09/2018;4;2881;18
105;1000000000254;Cookley;13/09/2017;13/09/2018;5;7108;52
106;1000000000255;Toughjoyfax;14/09/2017;14/09/2018;1;327;95
107;1000000000256;Keylex;15/09/2017;15/09/2018;2;9480;62
108;1000000000257;Bitchip;16/09/2017;16/09/2018;3;9516;89
109;1000000000258;Viva;17/09/2017;17/09/2018;4;1961;81
110;1000000000259;Zaam-Dox;18/09/2017;18/09/2018;5;4634;70
111;1000000000260;Cookley;19/09/2017;19/09/2018;1;5064;52
112;1000000000261;Toughjoyfax;20/09/2017;20/09/2018;2;2703;40
113;1000000000262;Zontrax;21/09/2017;21/09/2018;3;5411;97
114;1000000000263;Cookley;22/09/2017;22/09/2018;4;6102;7
115;1000000000264;Bamity;23/09/2017;23/09/2018;5;3693;35
116;1000000000265;Zaam-Dox;24/09/2017;24/09/2018;1;773;21
117;1000000000266;Vagram;25/09/2017;25/09/2018;2;4461;36
118;1000000000267;Kanlam;26/09/2017;26/09/2018;3;9654;55
119;1000000000268;Stim;27/09/2017;27/09/2018;4;6440;22
120;1000000000269;Sonsing;28/09/2017;28/09/2018;5;3725;60
121;1000000000270;Stim;29/09/2017;29/09/2018;1;6049;49
122;1000000000271;Solarbreeze;30/09/2017;30/09/2018;2;1832;56
123;1000000000272;Voltsillam;1/10/2017;1/10/2018;3;9389;72
124;1000000000273;Alphazap;2/10/2017;2/10/2018;4;7043;94
125;1000000000274;Gembucket;3/10/2017;3/10/2018;5;30;2
126;1000000000275;Konklux;4/10/2017;4/10/2018;1;3211;65
127;1000000000276;Latlux;5/10/2017;5/10/2018;2;8295;12
128;1000000000277;Treeflex;6/10/2017;6/10/2018;3;4327;22
129;1000000000278;Domainer;7/10/2017;7/10/2018;4;9974;5
130;1000000000279;Bamity;8/10/2017;8/10/2018;5;1556;93
131;1000000000280;Bitwolf;9/10/2017;9/10/2018;1;3761;68
132;1000000000281;Flowdesk;10/10/2017;10/10/2018;2;3445;43
133;1000000000282;Toughjoyfax;11/10/2017;11/10/2018;3;9990;11
134;1000000000283;Tempsoft;12/10/2017;12/10/2018;4;6661;54
135;1000000000284;Gembucket;13/10/2017;13/10/2018;5;7091;74
136;1000000000285;Andalax;14/10/2017;14/10/2018;1;6743;5
137;1000000000286;Stronghold;15/10/2017;15/10/2018;2;8104;49
138;1000000000287;Alpha;16/10/2017;16/10/2018;3;7310;3
139;1000000000288;Sonsing;17/10/2017;17/10/2018;4;4726;16
140;1000000000289;Sonair;18/10/2017;18/10/2018;5;7112;21
141;1000000000290;Sonsing;19/10/2017;19/10/2018;1;7445;32
142;1000000000291;Lotlux;20/10/2017;20/10/2018;2;7232;14
143;1000000000292;Asoka;21/10/2017;21/10/2018;3;4128;19
144;1000000000293;Zamit;22/10/2017;22/10/2018;4;8031;51
145;1000000000294;Opela;23/10/2017;23/10/2018;5;1884;32
146;1000000000295;Fintone;24/10/2017;24/10/2018;1;1609;23
147;1000000000296;Voyatouch;25/10/2017;25/10/2018;2;7291;58
148;1000000000297;Opela;26/10/2017;26/10/2018;3;5029;22
149;1000000000298;Stronghold;27/10/2017;27/10/2018;4;9708;75
150;1000000000299;Namfix;28/10/2017;28/10/2018;5;3397;99
1;1000000000300;Biodex;29/10/2017;29/10/2018;1;5003;84
2;1000000000301;Viva;30/10/2017;30/10/2018;2;8898;87
3;1000000000302;Tampflex;31/10/2017;31/10/2018;3;1231;64
4;1000000000303;Home Ing;1/11/2017;1/11/2018;4;7766;66
5;1000000000304;Redhold;2/11/2017;2/11/2018;5;2775;29
6;1000000000305;Latlux;3/11/2017;3/11/2018;1;7253;72
7;1000000000306;Zathin;4/11/2017;4/11/2018;2;6224;80
8;1000000000307;Asoka;5/11/2017;5/11/2018;3;8486;98
9;1000000000308;Keylex;6/11/2017;6/11/2018;4;11;32
10;1000000000309;Otcom;7/11/2017;7/11/2018;5;4182;87
11;1000000000310;Andalax;8/11/2017;8/11/2018;1;850;31
12;1000000000311;Redhold;9/11/2017;9/11/2018;2;2146;95
13;1000000000312;Zathin;10/11/2017;10/11/2018;3;9678;51
14;1000000000313;Y-Solowarm;11/11/2017;11/11/2018;4;6826;85
15;1000000000314;Bigtax;12/11/2017;12/11/2018;5;6686;66
16;1000000000315;Zathin;13/11/2017;13/11/2018;1;4389;66
17;1000000000316;Gembucket;14/11/2017;14/11/2018;2;2008;1
18;1000000000317;Veribet;15/11/2017;15/11/2018;3;7831;89
19;1000000000318;Voltsillam;16/11/2017;16/11/2018;4;2113;72
20;1000000000319;Fix San;17/11/2017;17/11/2018;5;5898;20
21;1000000000320;Fixflex;18/11/2017;18/11/2018;1;9178;66
22;1000000000321;Opela;19/11/2017;19/11/2018;2;3630;79
23;1000000000322;Voyatouch;20/11/2017;20/11/2018;3;8079;4
24;1000000000323;Konklab;21/11/2017;21/11/2018;4;7139;82
25;1000000000324;Lotlux;22/11/2017;22/11/2018;5;9755;1
26;1000000000325;Span;23/11/2017;23/11/2018;1;5458;76
27;1000000000326;Subin;24/11/2017;24/11/2018;2;5711;2
28;1000000000327;Subin;25/11/2017;25/11/2018;3;8818;78
29;1000000000328;Zamit;26/11/2017;26/11/2018;4;4649;9
30;1000000000329;Bigtax;27/11/2017;27/11/2018;5;4;77
31;1000000000330;Sonair;28/11/2017;28/11/2018;1;8640;23
32;1000000000331;Tempsoft;29/11/2017;29/11/2018;2;7679;64
33;1000000000332;Domainer;30/11/2017;30/11/2018;3;7845;26
34;1000000000333;Overhold;1/12/2017;1/12/2018;4;8867;82
35;1000000000334;Transcof;2/12/2017;2/12/2018;5;7817;88
36;1000000000335;Alpha;3/12/2017;3/12/2018;1;9404;1
37;1000000000336;Lotstring;4/12/2017;4/12/2018;2;1236;88
38;1000000000337;Fixflex;5/12/2017;5/12/2018;3;1719;72
39;1000000000338;Ronstring;6/12/2017;6/12/2018;4;3220;26
40;1000000000339;Bytecard;7/12/2017;7/12/2018;5;7510;31
41;1000000000340;Greenlam;8/12/2017;8/12/2018;1;1573;0
42;1000000000341;Greenlam;9/12/2017;9/12/2018;2;8354;63
43;1000000000342;Fixflex;10/12/2017;10/12/2018;3;1807;24
44;1000000000343;Y-Solowarm;11/12/2017;11/12/2018;4;4983;67
45;1000000000344;Cookley;12/12/2017;12/12/2018;5;8046;11
46;1000000000345;Matsoft;13/12/2017;13/12/2018;1;2215;99
47;1000000000346;Subin;14/12/2017;14/12/2018;2;6579;21
48;1000000000347;Greenlam;15/12/2017;15/12/2018;3;3793;97
49;1000000000348;Quo Lux;16/12/2017;16/12/2018;4;4405;54
50;1000000000349;Quo Lux;17/12/2017;17/12/2018;5;177;3
51;1000000000350;Tampflex;18/12/2017;18/12/2018;1;1530;68
52;1000000000351;Y-Solowarm;19/12/2017;19/12/2018;2;4134;40
53;1000000000352;Treeflex;20/12/2017;20/12/2018;3;6996;88
54;1000000000353;Greenlam;21/12/2017;21/12/2018;4;9295;59
55;1000000000354;Vagram;22/12/2017;22/12/2018;5;5363;45
56;1000000000355;Cardify;23/12/2017;23/12/2018;1;1313;42
57;1000000000356;Viva;24/12/2017;24/12/2018;2;1646;48
58;1000000000357;Stronghold;25/12/2017;25/12/2018;3;7311;26
59;1000000000358;Voyatouch;26/12/2017;26/12/2018;4;5309;25
60;1000000000359;Gembucket;27/12/2017;27/12/2018;5;2231;56
61;1000000000360;Zoolab;28/12/2017;28/12/2018;1;8935;41
62;1000000000361;Regrant;29/12/2017;29/12/2018;2;8989;47
63;1000000000362;Duobam;30/12/2017;30/12/2018;3;1493;35
64;1000000000363;Flexidy;31/12/2017;31/12/2018;4;5902;14
65;1000000000364;Flowdesk;1/01/2017;1/01/2019;5;8745;33
66;1000000000365;Stim;2/01/2017;2/01/2019;1;95;41
67;1000000000366;Lotlux;3/01/2017;3/01/2019;2;5264;11
68;1000000000367;Alphazap;4/01/2017;4/01/2019;3;1766;98
69;1000000000368;Tin;5/01/2017;5/01/2019;4;5125;89
70;1000000000369;Duobam;6/01/2017;6/01/2019;5;3679;81
71;1000000000370;Home Ing;7/01/2017;7/01/2019;1;6779;66
72;1000000000371;Tres-Zap;8/01/2017;8/01/2019;2;382;11
73;1000000000372;Konklab;9/01/2017;9/01/2019;3;8317;56
74;1000000000373;Konklab;10/01/2017;10/01/2019;4;2711;99
75;1000000000374;Temp;11/01/2017;11/01/2019;5;7129;64
76;1000000000375;Prodder;12/01/2017;12/01/2019;1;5078;6
77;1000000000376;Regrant;13/01/2017;13/01/2019;2;9786;5
78;1000000000377;Prodder;14/01/2017;14/01/2019;3;2654;55
79;1000000000378;Aerified;15/01/2017;15/01/2019;4;7446;37
80;1000000000379;Otcom;16/01/2017;16/01/2019;5;8728;54
81;1000000000380;Sonair;17/01/2017;17/01/2019;1;9059;41
82;1000000000381;Temp;18/01/2017;18/01/2019;2;8308;48
83;1000000000382;Bitwolf;19/01/2017;19/01/2019;3;8183;82
84;1000000000383;Rank;20/01/2017;20/01/2019;4;5807;10
85;1000000000384;Veribet;21/01/2017;21/01/2019;5;6638;19
86;1000000000385;Stim;22/01/2017;22/01/2019;1;2046;25
87;1000000000386;Vagram;23/01/2017;23/01/2019;2;7701;91
88;1000000000387;Temp;24/01/2017;24/01/2019;3;1364;98
89;1000000000388;Treeflex;25/01/2017;25/01/2019;4;7268;90
90;1000000000389;Tres-Zap;26/01/2017;26/01/2019;5;4810;12
91;1000000000390;Tresom;27/01/2017;27/01/2019;1;711;65
92;1000000000391;Konklux;28/01/2017;28/01/2019;2;15;96
93;1000000000392;Gembucket;29/01/2017;29/01/2019;3;4621;89
94;1000000000393;Veribet;30/01/2017;30/01/2019;4;3263;6
95;1000000000394;Fix San;31/01/2017;31/01/2019;5;9412;47
96;1000000000395;Treeflex;1/02/2017;1/02/2019;1;4021;36
97;1000000000396;Bamity;2/02/2017;2/02/2019;2;7383;57
98;1000000000397;Flowdesk;3/02/2017;3/02/2019;3;5613;0
99;1000000000398;Flexidy;4/02/2017;4/02/2019;4;8321;59
100;1000000000399;Stronghold;5/02/2017;5/02/2019;5;5202;67
101;1000000000400;Bigtax;6/02/2017;6/02/2019;1;7792;83
102;1000000000401;Tampflex;7/02/2017;7/02/2019;2;821;30
103;1000000000402;Zaam-Dox;8/02/2017;8/02/2019;3;7455;30
104;1000000000403;Duobam;9/02/2017;9/02/2019;4;7039;52
105;1000000000404;Namfix;10/02/2017;10/02/2019;5;4046;22
106;1000000000405;Flowdesk;11/02/2017;11/02/2019;1;3610;80
107;1000000000406;Cookley;12/02/2017;12/02/2019;2;2318;35
108;1000000000407;Trippledex;13/02/2017;13/02/2019;3;1194;5
109;1000000000408;Fintone;14/02/2017;14/02/2019;4;3726;10
110;1000000000409;Sonair;15/02/2017;15/02/2019;5;6050;3
111;1000000000410;Fixflex;16/02/2017;16/02/2019;1;254;26
112;1000000000411;Span;17/02/2017;17/02/2019;2;1805;5
113;1000000000412;Biodex;18/02/2017;18/02/2019;3;8327;17
114;1000000000413;Konklab;19/02/2017;19/02/2019;4;9621;62
115;1000000000414;Sub-Ex;20/02/2017;20/02/2019;5;4401;67
116;1000000000415;Toughjoyfax;21/02/2017;21/02/2019;1;8886;38
117;1000000000416;Namfix;22/02/2017;22/02/2019;2;7452;59
118;1000000000417;Redhold;23/02/2017;23/02/2019;3;3816;30
119;1000000000418;Stronghold;24/02/2017;24/02/2019;4;3964;86
120;1000000000419;Stringtough;25/02/2017;25/02/2019;5;110;26
121;1000000000420;Transcof;26/02/2017;26/02/2019;1;6278;21
122;1000000000421;Stronghold;27/02/2017;27/02/2019;2;3669;86
123;1000000000422;Sub-Ex;28/02/2017;28/02/2019;3;3034;85
124;1000000000423;Voyatouch;1/03/2017;1/03/2019;4;1989;96
125;1000000000424;Daltfresh;2/03/2017;2/03/2019;5;4263;22
126;1000000000425;Cookley;3/03/2017;3/03/2019;1;6238;70
127;1000000000426;Aerified;4/03/2017;4/03/2019;2;99;70
128;1000000000427;Bitchip;5/03/2017;5/03/2019;3;875;75
129;1000000000428;Aerified;6/03/2017;6/03/2019;4;8427;60
130;1000000000429;Transcof;7/03/2017;7/03/2019;5;6671;51
131;1000000000430;Solarbreeze;8/03/2017;8/03/2019;1;5109;51
132;1000000000431;Temp;9/03/2017;9/03/2019;2;7189;48
133;1000000000432;Cardify;10/03/2017;10/03/2019;3;3255;56
134;1000000000433;Domainer;11/03/2017;11/03/2019;4;7773;73
135;1000000000434;Stronghold;12/03/2017;12/03/2019;5;8128;29
136;1000000000435;Hatity;13/03/2017;13/03/2019;1;5680;90
137;1000000000436;Cardguard;14/03/2017;14/03/2019;2;8776;90
138;1000000000437;Fintone;15/03/2017;15/03/2019;3;3620;86
139;1000000000438;Bitwolf;16/03/2017;16/03/2019;4;706;45
140;1000000000439;Konklux;17/03/2017;17/03/2019;5;754;79
141;1000000000440;Voltsillam;18/03/2017;18/03/2019;1;4907;73
142;1000000000441;Kanlam;19/03/2017;19/03/2019;2;6335;55
143;1000000000442;Temp;20/03/2017;20/03/2019;3;5562;97
144;1000000000443;Toughjoyfax;21/03/2017;21/03/2019;4;5640;53
145;1000000000444;Andalax;22/03/2017;22/03/2019;5;2389;4
146;1000000000445;Tin;23/03/2017;23/03/2019;1;3838;18
147;1000000000446;Domainer;24/03/2017;24/03/2019;2;9084;81
148;1000000000447;Matsoft;25/03/2017;25/03/2019;3;4512;4
149;1000000000448;Span;26/03/2017;26/03/2019;4;2234;2
150;1000000000449;Alpha;27/03/2017;27/03/2019;5;4679;47
1;1000000000450;Temp;28/03/2017;28/03/2019;1;9813;50
2;1000000000451;Hatity;29/03/2017;29/03/2019;2;8555;54
3;1000000000452;Prodder;30/03/2017;30/03/2019;3;2282;40
4;1000000000453;Rank;31/03/2017;31/03/2019;4;377;35
5;1000000000454;Wrapsafe;1/04/2017;1/04/2019;5;7862;57
6;1000000000455;Ronstring;2/04/2017;2/04/2019;1;7691;47
7;1000000000456;Bigtax;3/04/2017;3/04/2019;2;1985;88
8;1000000000457;Voyatouch;4/04/2017;4/04/2019;3;1856;16
9;1000000000458;It;5/04/2017;5/04/2019;4;5249;25
10;1000000000459;Bitwolf;6/04/2017;6/04/2019;5;9423;69
11;1000000000460;Biodex;7/04/2017;7/04/2019;1;4519;11
12;1000000000461;Konklab;8/04/2017;8/04/2019;2;3434;41
13;1000000000462;Ronstring;9/04/2017;9/04/2019;3;3921;33
14;1000000000463;Latlux;10/04/2017;10/04/2019;4;8343;46
15;1000000000464;Zathin;11/04/2017;11/04/2019;5;4396;73
16;1000000000465;Tres-Zap;12/04/2017;12/04/2019;1;8836;49
17;1000000000466;Aerified;13/04/2017;13/04/2019;2;2608;99
18;1000000000467;Y-Solowarm;14/04/2017;14/04/2019;3;3406;54
19;1000000000468;Y-Solowarm;15/04/2017;15/04/2019;4;2201;96
20;1000000000469;Temp;16/04/2017;16/04/2019;5;5564;89
21;1000000000470;Solarbreeze;17/04/2017;17/04/2019;1;6590;64
22;1000000000471;Lotstring;18/04/2017;18/04/2019;2;4069;43
23;1000000000472;Overhold;19/04/2017;19/04/2019;3;610;59
24;1000000000473;Lotstring;20/04/2017;20/04/2019;4;8697;52
25;1000000000474;Redhold;21/04/2017;21/04/2019;5;934;0
26;1000000000475;Vagram;22/04/2017;22/04/2019;1;4234;13
27;1000000000476;Toughjoyfax;23/04/2017;23/04/2019;2;6013;24
28;1000000000477;Tampflex;24/04/2017;24/04/2019;3;6314;42
29;1000000000478;Zontrax;25/04/2017;25/04/2019;4;6333;25
30;1000000000479;Quo Lux;26/04/2017;26/04/2019;5;9499;39
31;1000000000480;Alpha;27/04/2017;27/04/2019;1;9748;26
32;1000000000481;Sonsing;28/04/2017;28/04/2019;2;9759;58
33;1000000000482;Matsoft;29/04/2017;29/04/2019;3;3828;10
34;1000000000483;Ventosanzap;30/04/2017;30/04/2019;4;4652;25
35;1000000000484;Zaam-Dox;1/05/2017;1/05/2019;5;4374;77
36;1000000000485;Tres-Zap;2/05/2017;2/05/2019;1;5300;70
37;1000000000486;Gembucket;3/05/2017;3/05/2019;2;5735;16
38;1000000000487;Cardguard;4/05/2017;4/05/2019;3;1824;9
39;1000000000488;Holdlamis;5/05/2017;5/05/2019;4;5124;39
40;1000000000489;Keylex;6/05/2017;6/05/2019;5;5286;31
41;1000000000490;Fintone;7/05/2017;7/05/2019;1;2490;89
42;1000000000491;Stim;8/05/2017;8/05/2019;2;1344;69
43;1000000000492;Flexidy;9/05/2017;9/05/2019;3;468;70
44;1000000000493;Tempsoft;10/05/2017;10/05/2019;4;9793;61
45;1000000000494;Viva;11/05/2017;11/05/2019;5;3099;73
46;1000000000495;Lotlux;12/05/2017;12/05/2019;1;4722;41
47;1000000000496;Tin;13/05/2017;13/05/2019;2;1374;59
48;1000000000497;Sub-Ex;14/05/2017;14/05/2019;3;1485;60
49;1000000000498;Otcom;15/05/2017;15/05/2019;4;6672;44
50;1000000000499;Duobam;16/05/2017;16/05/2019;5;7040;53
51;1000000000500;Opela;17/05/2017;17/05/2019;1;4219;23
52;1000000000501;Zontrax;18/05/2017;18/05/2019;2;861;57
53;1000000000502;Zaam-Dox;19/05/2017;19/05/2019;3;3104;99
54;1000000000503;Sub-Ex;20/05/2017;20/05/2019;4;8881;93
55;1000000000504;Asoka;21/05/2017;21/05/2019;5;1706;68
56;1000000000505;Flowdesk;22/05/2017;22/05/2019;1;987;94
57;1000000000506;Tresom;23/05/2017;23/05/2019;2;2063;17
58;1000000000507;Fixflex;24/05/2017;24/05/2019;3;5945;60
59;1000000000508;Redhold;25/05/2017;25/05/2019;4;8292;5
60;1000000000509;Opela;26/05/2017;26/05/2019;5;9012;55
61;1000000000510;Quo Lux;27/05/2017;27/05/2019;1;6640;9
62;1000000000511;Transcof;28/05/2017;28/05/2019;2;4868;4
63;1000000000512;Fix San;29/05/2017;29/05/2019;3;8433;50
64;1000000000513;Lotstring;30/05/2017;30/05/2019;4;9521;88
65;1000000000514;Keylex;31/05/2017;31/05/2019;5;6801;94
66;1000000000515;Tres-Zap;1/06/2017;1/06/2019;1;6704;72
67;1000000000516;Holdlamis;2/06/2017;2/06/2019;2;908;20
68;1000000000517;Temp;3/06/2017;3/06/2019;3;8386;76
69;1000000000518;Matsoft;4/06/2017;4/06/2019;4;9363;10
70;1000000000519;It;5/06/2017;5/06/2019;5;4399;45
71;1000000000520;Bitwolf;6/06/2017;6/06/2019;1;8364;0
72;1000000000521;Pannier;7/06/2017;7/06/2019;2;3780;45
73;1000000000522;Biodex;8/06/2017;8/06/2019;3;951;67
74;1000000000523;Zamit;9/06/2017;9/06/2019;4;2942;72
75;1000000000524;Fix San;10/06/2017;10/06/2019;5;3730;75
76;1000000000525;Transcof;11/06/2017;11/06/2019;1;2014;51
77;1000000000526;Konklux;12/06/2017;12/06/2019;2;3971;27
78;1000000000527;Job;13/06/2017;13/06/2019;3;4617;86
79;1000000000528;Biodex;14/06/2017;14/06/2019;4;2754;57
80;1000000000529;Veribet;15/06/2017;15/06/2019;5;9265;56
81;1000000000530;Sonair;16/06/2017;16/06/2019;1;9577;40
82;1000000000531;Bigtax;17/06/2017;17/06/2019;2;3382;70
83;1000000000532;It;18/06/2017;18/06/2019;3;9237;73
84;1000000000533;Bamity;19/06/2017;19/06/2019;4;5578;60
85;1000000000534;Keylex;20/06/2017;20/06/2019;5;1942;78
86;1000000000535;Trippledex;21/06/2017;21/06/2019;1;7024;45
87;1000000000536;Prodder;22/06/2017;22/06/2019;2;3369;97
88;1000000000537;Viva;23/06/2017;23/06/2019;3;286;33
89;1000000000538;Toughjoyfax;24/06/2017;24/06/2019;4;2355;55
90;1000000000539;Hatity;25/06/2017;25/06/2019;5;5604;56
91;1000000000540;Alpha;26/06/2017;26/06/2019;1;779;62
92;1000000000541;Hatity;27/06/2017;27/06/2019;2;6339;86
93;1000000000542;Overhold;28/06/2017;28/06/2019;3;5373;73
94;1000000000543;Temp;29/06/2017;29/06/2019;4;8035;61
95;1000000000544;Tampflex;30/06/2017;30/06/2019;5;9285;1
96;1000000000545;Y-find;1/07/2017;1/07/2019;1;6861;82
97;1000000000546;Zaam-Dox;2/07/2017;2/07/2019;2;1730;4
98;1000000000547;Sonsing;3/07/2017;3/07/2019;3;454;27
99;1000000000548;It;4/07/2017;4/07/2019;4;1360;64
100;1000000000549;Subin;5/07/2017;5/07/2019;5;8654;42
101;1000000000550;Ventosanzap;6/07/2017;6/07/2019;1;9381;13
102;1000000000551;Domainer;7/07/2017;7/07/2019;2;1657;93
103;1000000000552;Alphazap;8/07/2017;8/07/2019;3;8469;43
104;1000000000553;Home Ing;9/07/2017;9/07/2019;4;2959;24
105;1000000000554;Latlux;10/07/2017;10/07/2019;5;7864;0
106;1000000000555;Y-find;11/07/2017;11/07/2019;1;5433;25
107;1000000000556;Home Ing;12/07/2017;12/07/2019;2;1650;97
108;1000000000557;Alphazap;13/07/2017;13/07/2019;3;5846;41
109;1000000000558;Daltfresh;14/07/2017;14/07/2019;4;160;98
110;1000000000559;Alpha;15/07/2017;15/07/2019;5;1550;81
111;1000000000560;Alphazap;16/07/2017;16/07/2019;1;1362;11
112;1000000000561;Vagram;17/07/2017;17/07/2019;2;8425;46
113;1000000000562;Flexidy;18/07/2017;18/07/2019;3;4864;17
114;1000000000563;Gembucket;19/07/2017;19/07/2019;4;1355;40
115;1000000000564;Alpha;20/07/2017;20/07/2019;5;516;81
116;1000000000565;Voltsillam;21/07/2017;21/07/2019;1;6891;93
117;1000000000566;Toughjoyfax;22/07/2017;22/07/2019;2;8912;44
118;1000000000567;Veribet;23/07/2017;23/07/2019;3;712;4
119;1000000000568;Bamity;24/07/2017;24/07/2019;4;1940;21
120;1000000000569;Duobam;25/07/2017;25/07/2019;5;7316;0
121;1000000000570;Sub-Ex;26/07/2017;26/07/2019;1;6842;17
122;1000000000571;Toughjoyfax;27/07/2017;27/07/2019;2;9190;91
123;1000000000572;Flexidy;28/07/2017;28/07/2019;3;3574;84
124;1000000000573;Kanlam;29/07/2017;29/07/2019;4;2486;64
125;1000000000574;Sonair;30/07/2017;30/07/2019;5;9954;42
126;1000000000575;Zoolab;31/07/2017;31/07/2019;1;287;33
127;1000000000576;Flowdesk;1/08/2017;1/08/2019;2;787;19
128;1000000000577;Tin;2/08/2017;2/08/2019;3;5838;74
129;1000000000578;Zoolab;3/08/2017;3/08/2019;4;339;37
130;1000000000579;Cardify;4/08/2017;4/08/2019;5;1759;28
131;1000000000580;Redhold;5/08/2017;5/08/2019;1;1539;4
132;1000000000581;Zathin;6/08/2017;6/08/2019;2;3306;51
133;1000000000582;Konklab;7/08/2017;7/08/2019;3;7199;46
134;1000000000583;Daltfresh;8/08/2017;8/08/2019;4;963;57
135;1000000000584;Bitwolf;9/08/2017;9/08/2019;5;1171;60
136;1000000000585;Regrant;10/08/2017;10/08/2019;1;9684;30
137;1000000000586;Wrapsafe;11/08/2017;11/08/2019;2;9230;51
138;1000000000587;Bigtax;12/08/2017;12/08/2019;3;7659;74
139;1000000000588;Alphazap;13/08/2017;13/08/2019;4;9140;52
140;1000000000589;Wrapsafe;14/08/2017;14/08/2019;5;2813;2
141;1000000000590;Duobam;15/08/2017;15/08/2019;1;3958;36
142;1000000000591;Tres-Zap;16/08/2017;16/08/2019;2;9247;75
143;1000000000592;Holdlamis;17/08/2017;17/08/2019;3;3101;92
144;1000000000593;Fix San;18/08/2017;18/08/2019;4;5842;66
145;1000000000594;Fintone;19/08/2017;19/08/2019;5;6254;31
146;1000000000595;Subin;20/08/2017;20/08/2019;1;3652;7
147;1000000000596;Rank;21/08/2017;21/08/2019;2;5969;69
148;1000000000597;Voyatouch;22/08/2017;22/08/2019;3;6211;37
149;1000000000598;Rank;23/08/2017;23/08/2019;4;8432;39
150;1000000000599;Tempsoft;24/08/2017;24/08/2019;5;8547;54
1;1000000000600;Lotstring;25/08/2017;25/08/2019;1;3845;95
2;1000000000601;Bigtax;26/08/2017;26/08/2019;2;8569;82
3;1000000000602;Tampflex;27/08/2017;27/08/2019;3;2784;49
4;1000000000603;Fix San;28/08/2017;28/08/2019;4;4022;74
5;1000000000604;Biodex;29/08/2017;29/08/2019;5;3856;67
6;1000000000605;Alpha;30/08/2017;30/08/2019;1;1203;73
7;1000000000606;Treeflex;31/08/2017;31/08/2019;2;3468;41
8;1000000000607;Konklab;1/09/2017;1/09/2019;3;2702;76
9;1000000000608;Biodex;2/09/2017;2/09/2019;4;7784;54
10;1000000000609;Tres-Zap;3/09/2017;3/09/2019;5;9102;71
11;1000000000610;Konklab;4/09/2017;4/09/2019;1;2554;52
12;1000000000611;Cookley;5/09/2017;5/09/2019;2;5116;97
13;1000000000612;Veribet;6/09/2017;6/09/2019;3;7275;47
14;1000000000613;Prodder;7/09/2017;7/09/2019;4;3020;41
15;1000000000614;Tin;8/09/2017;8/09/2019;5;5571;29
16;1000000000615;Solarbreeze;9/09/2017;9/09/2019;1;7588;20
17;1000000000616;Home Ing;10/09/2017;10/09/2019;2;8616;46
18;1000000000617;Solarbreeze;11/09/2017;11/09/2019;3;1984;14
19;1000000000618;Hatity;12/09/2017;12/09/2019;4;1672;19
20;1000000000619;Job;13/09/2017;13/09/2019;5;8375;18
21;1000000000620;Bytecard;14/09/2017;14/09/2019;1;77;34
22;1000000000621;Subin;15/09/2017;15/09/2019;2;4547;53
23;1000000000622;Matsoft;16/09/2017;16/09/2019;3;401;75
24;1000000000623;Fintone;17/09/2017;17/09/2019;4;3113;97
25;1000000000624;Solarbreeze;18/09/2017;18/09/2019;5;6837;62
26;1000000000625;Asoka;19/09/2017;19/09/2019;1;104;47
27;1000000000626;Aerified;20/09/2017;20/09/2019;2;7097;82
28;1000000000627;Span;21/09/2017;21/09/2019;3;1904;39
29;1000000000628;Y-find;22/09/2017;22/09/2019;4;5489;16
30;1000000000629;Konklux;23/09/2017;23/09/2019;5;2615;72
31;1000000000630;Fix San;24/09/2017;24/09/2019;1;9171;15
32;1000000000631;Konklux;25/09/2017;25/09/2019;2;8755;37
33;1000000000632;Holdlamis;26/09/2017;26/09/2019;3;559;96
34;1000000000633;Otcom;27/09/2017;27/09/2019;4;7934;1
35;1000000000634;Y-find;28/09/2017;28/09/2019;5;2713;80
36;1000000000635;Y-find;29/09/2017;29/09/2019;1;6557;93
37;1000000000636;Holdlamis;30/09/2017;30/09/2019;2;1016;87
38;1000000000637;Regrant;1/10/2017;1/10/2019;3;1074;8
39;1000000000638;Cookley;2/10/2017;2/10/2019;4;2988;57
40;1000000000639;Asoka;3/10/2017;3/10/2019;5;5728;9
41;1000000000640;Konklux;4/10/2017;4/10/2019;1;3322;25
42;1000000000641;Toughjoyfax;5/10/2017;5/10/2019;2;9639;53
43;1000000000642;Wrapsafe;6/10/2017;6/10/2019;3;6996;37
44;1000000000643;Rank;7/10/2017;7/10/2019;4;5298;2
45;1000000000644;Bigtax;8/10/2017;8/10/2019;5;1578;76
46;1000000000645;Opela;9/10/2017;9/10/2019;1;2664;79
47;1000000000646;Flexidy;10/10/2017;10/10/2019;2;6814;31
48;1000000000647;Wrapsafe;11/10/2017;11/10/2019;3;9033;29
49;1000000000648;Namfix;12/10/2017;12/10/2019;4;141;15
50;1000000000649;Stronghold;13/10/2017;13/10/2019;5;5037;92
51;1000000000650;Latlux;14/10/2017;14/10/2019;1;6572;49
52;1000000000651;Transcof;15/10/2017;15/10/2019;2;2175;99
53;1000000000652;Vagram;16/10/2017;16/10/2019;3;8673;65
54;1000000000653;Konklab;17/10/2017;17/10/2019;4;9133;66
55;1000000000654;Subin;18/10/2017;18/10/2019;5;5279;13
56;1000000000655;Voyatouch;19/10/2017;19/10/2019;1;9909;29
57;1000000000656;It;20/10/2017;20/10/2019;2;486;39
58;1000000000657;Overhold;21/10/2017;21/10/2019;3;4020;70
59;1000000000658;Fixflex;22/10/2017;22/10/2019;4;7670;33
60;1000000000659;Hatity;23/10/2017;23/10/2019;5;3837;27
61;1000000000660;Overhold;24/10/2017;24/10/2019;1;1301;28
62;1000000000661;Overhold;25/10/2017;25/10/2019;2;9158;32
63;1000000000662;Zontrax;26/10/2017;26/10/2019;3;9256;76
64;1000000000663;Hatity;27/10/2017;27/10/2019;4;896;34
65;1000000000664;Span;28/10/2017;28/10/2019;5;838;83
66;1000000000665;Greenlam;29/10/2017;29/10/2019;1;3775;78
67;1000000000666;Bytecard;30/10/2017;30/10/2019;2;5402;45
68;1000000000667;Biodex;31/10/2017;31/10/2019;3;5399;42
69;1000000000668;Tempsoft;1/11/2017;1/11/2019;4;2919;53
70;1000000000669;Lotlux;2/11/2017;2/11/2019;5;3760;70
71;1000000000670;Ronstring;3/11/2017;3/11/2019;1;7935;56
72;1000000000671;Tempsoft;4/11/2017;4/11/2019;2;5126;64
73;1000000000672;Lotlux;5/11/2017;5/11/2019;3;5939;61
74;1000000000673;Fix San;6/11/2017;6/11/2019;4;8593;98
75;1000000000674;Sonsing;7/11/2017;7/11/2019;5;6367;74
76;1000000000675;Flowdesk;8/11/2017;8/11/2019;1;9992;2
77;1000000000676;Transcof;9/11/2017;9/11/2019;2;5602;73
78;1000000000677;Rank;10/11/2017;10/11/2019;3;1087;53
79;1000000000678;Y-Solowarm;11/11/2017;11/11/2019;4;4543;44
80;1000000000679;Cookley;12/11/2017;12/11/2019;5;5295;81
81;1000000000680;Stronghold;13/11/2017;13/11/2019;1;7067;75
82;1000000000681;Fixflex;14/11/2017;14/11/2019;2;2231;16
83;1000000000682;Latlux;15/11/2017;15/11/2019;3;5854;12
84;1000000000683;Holdlamis;16/11/2017;16/11/2019;4;4582;63
85;1000000000684;Mat Lam Tam;17/11/2017;17/11/2019;5;8712;9
86;1000000000685;Treeflex;18/11/2017;18/11/2019;1;4639;84
87;1000000000686;Viva;19/11/2017;19/11/2019;2;6474;52
88;1000000000687;Gembucket;20/11/2017;20/11/2019;3;5353;64
89;1000000000688;Cardguard;21/11/2017;21/11/2019;4;3730;38
90;1000000000689;Regrant;22/11/2017;22/11/2019;5;2885;32
91;1000000000690;Cardify;23/11/2017;23/11/2019;1;9952;4
92;1000000000691;Span;24/11/2017;24/11/2019;2;3437;49
93;1000000000692;Tampflex;25/11/2017;25/11/2019;3;3177;24
94;1000000000693;Keylex;26/11/2017;26/11/2019;4;514;44
95;1000000000694;Flexidy;27/11/2017;27/11/2019;5;6509;20
96;1000000000695;Namfix;28/11/2017;28/11/2019;1;6364;17
97;1000000000696;Fix San;29/11/2017;29/11/2019;2;4917;53
98;1000000000697;Fintone;30/11/2017;30/11/2019;3;3983;3
99;1000000000698;Zamit;1/12/2017;1/12/2019;4;703;53
100;1000000000699;Namfix;2/12/2017;2/12/2019;5;1624;2
101;1000000000700;Alphazap;3/12/2017;3/12/2019;1;8930;47
102;1000000000701;Sonair;4/12/2017;4/12/2019;2;3619;81
103;1000000000702;Cardguard;5/12/2017;5/12/2019;3;8994;28
104;1000000000703;Fixflex;6/12/2017;6/12/2019;4;3725;66
105;1000000000704;Job;7/12/2017;7/12/2019;5;3284;61
106;1000000000705;Temp;8/12/2017;8/12/2019;1;3374;53
107;1000000000706;Sub-Ex;9/12/2017;9/12/2019;2;6841;9
108;1000000000707;Voltsillam;10/12/2017;10/12/2019;3;4956;34
109;1000000000708;Cardguard;11/12/2017;11/12/2019;4;1503;31
110;1000000000709;Hatity;12/12/2017;12/12/2019;5;2595;86
111;1000000000710;Solarbreeze;13/12/2017;13/12/2019;1;1315;5
112;1000000000711;Otcom;14/12/2017;14/12/2019;2;9780;51
113;1000000000712;Cookley;15/12/2017;15/12/2019;3;391;39
114;1000000000713;Zamit;16/12/2017;16/12/2019;4;3006;35
115;1000000000714;Keylex;17/12/2017;17/12/2019;5;1141;82
116;1000000000715;Bamity;18/12/2017;18/12/2019;1;3188;65
117;1000000000716;Ventosanzap;19/12/2017;19/12/2019;2;1530;30
118;1000000000717;Bitchip;20/12/2017;20/12/2019;3;945;19
119;1000000000718;Cardify;21/12/2017;21/12/2019;4;8840;2
120;1000000000719;Solarbreeze;22/12/2017;22/12/2019;5;4918;49
121;1000000000720;Rank;23/12/2017;23/12/2019;1;7918;42
122;1000000000721;Bigtax;24/12/2017;24/12/2019;2;8108;35
123;1000000000722;Voyatouch;25/12/2017;25/12/2019;3;1796;6
124;1000000000723;Bitchip;26/12/2017;26/12/2019;4;5514;23
125;1000000000724;Latlux;27/12/2017;27/12/2019;5;7939;5
126;1000000000725;Stim;28/12/2017;28/12/2019;1;6545;68
127;1000000000726;Flowdesk;29/12/2017;29/12/2019;2;9498;9
128;1000000000727;Sub-Ex;30/12/2017;30/12/2019;3;9400;80
129;1000000000728;Flexidy;31/12/2017;31/12/2019;4;7927;93
130;1000000000729;Transcof;1/01/2017;1/01/2020;5;2473;77
131;1000000000730;Sonair;2/01/2017;2/01/2020;1;9367;69
132;1000000000731;Flexidy;3/01/2017;3/01/2020;2;6816;76
133;1000000000732;Rank;4/01/2017;4/01/2020;3;5227;27
134;1000000000733;Bigtax;5/01/2017;5/01/2020;4;6641;26
135;1000000000734;Bitchip;6/01/2017;6/01/2020;5;6465;44
136;1000000000735;Mat Lam Tam;7/01/2017;7/01/2020;1;7202;75
137;1000000000736;Fixflex;8/01/2017;8/01/2020;2;7222;32
138;1000000000737;Bitchip;9/01/2017;9/01/2020;3;1868;98
139;1000000000738;Quo Lux;10/01/2017;10/01/2020;4;2772;73
140;1000000000739;Temp;11/01/2017;11/01/2020;5;4828;73
141;1000000000740;Greenlam;12/01/2017;12/01/2020;1;1632;47
142;1000000000741;Veribet;13/01/2017;13/01/2020;2;1960;57
143;1000000000742;Solarbreeze;14/01/2017;14/01/2020;3;5786;37
144;1000000000743;Quo Lux;15/01/2017;15/01/2020;4;9638;26
145;1000000000744;Kanlam;16/01/2017;16/01/2020;5;8990;18
146;1000000000745;Cookley;17/01/2017;17/01/2020;1;7458;51
147;1000000000746;Tres-Zap;18/01/2017;18/01/2020;2;2157;56
148;1000000000747;Mat Lam Tam;19/01/2017;19/01/2020;3;1843;64
149;1000000000748;Daltfresh;20/01/2017;20/01/2020;4;4711;19
150;1000000000749;Alphazap;21/01/2017;21/01/2020;5;4354;29
1;1000000000750;Vagram;22/01/2017;22/01/2020;1;1498;61
2;1000000000751;Lotstring;23/01/2017;23/01/2020;2;1822;17
3;1000000000752;Tresom;24/01/2017;24/01/2020;3;9747;47
4;1000000000753;Aerified;25/01/2017;25/01/2020;4;207;96
5;1000000000754;Domainer;26/01/2017;26/01/2020;5;5184;32
6;1000000000755;Keylex;27/01/2017;27/01/2020;1;7500;75
7;1000000000756;Mat Lam Tam;28/01/2017;28/01/2020;2;8517;22
8;1000000000757;Aerified;29/01/2017;29/01/2020;3;8011;88
9;1000000000758;Veribet;30/01/2017;30/01/2020;4;1556;86
10;1000000000759;Andalax;31/01/2017;31/01/2020;5;4016;37
11;1000000000760;Solarbreeze;1/02/2017;1/02/2020;1;897;66
12;1000000000761;Home Ing;2/02/2017;2/02/2020;2;5394;47
13;1000000000762;Alpha;3/02/2017;3/02/2020;3;6755;69
14;1000000000763;Zoolab;4/02/2017;4/02/2020;4;5450;99
15;1000000000764;Mat Lam Tam;5/02/2017;5/02/2020;5;6023;79
16;1000000000765;Bytecard;6/02/2017;6/02/2020;1;341;44
17;1000000000766;Zontrax;7/02/2017;7/02/2020;2;2069;35
18;1000000000767;Trippledex;8/02/2017;8/02/2020;3;3077;71
19;1000000000768;Toughjoyfax;9/02/2017;9/02/2020;4;4892;78
20;1000000000769;Cookley;10/02/2017;10/02/2020;5;651;4
21;1000000000770;Opela;11/02/2017;11/02/2020;1;8127;0
22;1000000000771;Zaam-Dox;12/02/2017;12/02/2020;2;1282;91
23;1000000000772;Kanlam;13/02/2017;13/02/2020;3;4859;86
24;1000000000773;It;14/02/2017;14/02/2020;4;5168;84
25;1000000000774;Alpha;15/02/2017;15/02/2020;5;4847;19
26;1000000000775;Job;16/02/2017;16/02/2020;1;9810;6
27;1000000000776;Opela;17/02/2017;17/02/2020;2;950;27
28;1000000000777;Cardguard;18/02/2017;18/02/2020;3;4036;15
29;1000000000778;Hatity;19/02/2017;19/02/2020;4;3148;35
30;1000000000779;Zontrax;20/02/2017;20/02/2020;5;8830;65
31;1000000000780;Lotstring;21/02/2017;21/02/2020;1;5046;45
32;1000000000781;Zathin;22/02/2017;22/02/2020;2;9136;38
33;1000000000782;Fintone;23/02/2017;23/02/2020;3;4650;75
34;1000000000783;Y-Solowarm;24/02/2017;24/02/2020;4;6921;65
35;1000000000784;Vagram;25/02/2017;25/02/2020;5;2006;57
36;1000000000785;Viva;26/02/2017;26/02/2020;1;9436;75
37;1000000000786;Alphazap;27/02/2017;27/02/2020;2;8754;10
38;1000000000787;Flowdesk;28/02/2017;28/02/2020;3;3739;96
39;1000000000788;Fix San;1/03/2017;29/02/2020;4;2073;24
40;1000000000789;Treeflex;2/03/2017;1/03/2020;5;5852;9
41;1000000000790;Y-find;3/03/2017;2/03/2020;1;7764;49
42;1000000000791;Domainer;4/03/2017;3/03/2020;2;7442;62
43;1000000000792;Cardify;5/03/2017;4/03/2020;3;2024;37
44;1000000000793;Stronghold;6/03/2017;5/03/2020;4;5124;63
45;1000000000794;Tampflex;7/03/2017;6/03/2020;5;502;67
46;1000000000795;Zontrax;8/03/2017;7/03/2020;1;5109;59
47;1000000000796;Voyatouch;9/03/2017;8/03/2020;2;8614;96
48;1000000000797;Treeflex;10/03/2017;9/03/2020;3;6174;44
49;1000000000798;Voyatouch;11/03/2017;10/03/2020;4;839;99
50;1000000000799;Tresom;12/03/2017;11/03/2020;5;2075;86
51;1000000000800;Aerified;13/03/2017;12/03/2020;1;8043;8
52;1000000000801;Tempsoft;14/03/2017;13/03/2020;2;9919;11
53;1000000000802;Voltsillam;15/03/2017;14/03/2020;3;5554;88
54;1000000000803;Vagram;16/03/2017;15/03/2020;4;8782;50
55;1000000000804;Domainer;17/03/2017;16/03/2020;5;6056;72
56;1000000000805;Flowdesk;18/03/2017;17/03/2020;1;1463;15
57;1000000000806;Tin;19/03/2017;18/03/2020;2;1829;59
58;1000000000807;Temp;20/03/2017;19/03/2020;3;7871;90
59;1000000000808;Bamity;21/03/2017;20/03/2020;4;5073;87
60;1000000000809;Vagram;22/03/2017;21/03/2020;5;6270;41
61;1000000000810;Sonair;23/03/2017;22/03/2020;1;626;39
62;1000000000811;Asoka;24/03/2017;23/03/2020;2;4907;42
63;1000000000812;Subin;25/03/2017;24/03/2020;3;3768;93
64;1000000000813;Stringtough;26/03/2017;25/03/2020;4;682;27
65;1000000000814;Bitwolf;27/03/2017;26/03/2020;5;6034;72
66;1000000000815;Tres-Zap;28/03/2017;27/03/2020;1;3011;27
67;1000000000816;Tin;29/03/2017;28/03/2020;2;404;96
68;1000000000817;Temp;30/03/2017;29/03/2020;3;8691;85
69;1000000000818;Biodex;31/03/2017;30/03/2020;4;8431;78
70;1000000000819;Asoka;1/04/2017;31/03/2020;5;1005;31
71;1000000000820;Stronghold;2/04/2017;1/04/2020;1;1416;43
72;1000000000821;Overhold;3/04/2017;2/04/2020;2;8368;87
73;1000000000822;Daltfresh;4/04/2017;3/04/2020;3;1464;47
74;1000000000823;Stim;5/04/2017;4/04/2020;4;3222;79
75;1000000000824;Lotlux;6/04/2017;5/04/2020;5;6004;89
76;1000000000825;Bamity;7/04/2017;6/04/2020;1;2965;13
77;1000000000826;Trippledex;8/04/2017;7/04/2020;2;4450;78
78;1000000000827;Regrant;9/04/2017;8/04/2020;3;7680;28
79;1000000000828;Ronstring;10/04/2017;9/04/2020;4;9422;45
80;1000000000829;Voltsillam;11/04/2017;10/04/2020;5;9925;66
81;1000000000830;Bamity;12/04/2017;11/04/2020;1;5267;85
82;1000000000831;Asoka;13/04/2017;12/04/2020;2;9681;35
83;1000000000832;Zaam-Dox;14/04/2017;13/04/2020;3;2021;41
84;1000000000833;Bitchip;15/04/2017;14/04/2020;4;1880;46
85;1000000000834;Sonsing;16/04/2017;15/04/2020;5;4916;41
86;1000000000835;Overhold;17/04/2017;16/04/2020;1;759;20
87;1000000000836;Tempsoft;18/04/2017;17/04/2020;2;51;38
88;1000000000837;Namfix;19/04/2017;18/04/2020;3;9293;40
89;1000000000838;Y-find;20/04/2017;19/04/2020;4;6319;76
90;1000000000839;Job;21/04/2017;20/04/2020;5;5912;17
91;1000000000840;Aerified;22/04/2017;21/04/2020;1;4696;61
92;1000000000841;Konklux;23/04/2017;22/04/2020;2;2131;26
93;1000000000842;Vagram;24/04/2017;23/04/2020;3;3567;53
94;1000000000843;Prodder;25/04/2017;24/04/2020;4;7913;25
95;1000000000844;Wrapsafe;26/04/2017;25/04/2020;5;4027;0
96;1000000000845;Cardguard;27/04/2017;26/04/2020;1;9758;21
97;1000000000846;Zathin;28/04/2017;27/04/2020;2;3385;69
98;1000000000847;Ventosanzap;29/04/2017;28/04/2020;3;6786;79
99;1000000000848;Alphazap;30/04/2017;29/04/2020;4;2806;14
100;1000000000849;Alpha;1/05/2017;30/04/2020;5;4241;43
101;1000000000850;Sonair;2/05/2017;1/05/2020;1;1929;77
102;1000000000851;Holdlamis;3/05/2017;2/05/2020;2;6296;45
103;1000000000852;Bitwolf;4/05/2017;3/05/2020;3;9548;82
104;1000000000853;Kanlam;5/05/2017;4/05/2020;4;8819;71
105;1000000000854;Zontrax;6/05/2017;5/05/2020;5;3425;47
106;1000000000855;Aerified;7/05/2017;6/05/2020;1;9248;19
107;1000000000856;Temp;8/05/2017;7/05/2020;2;470;51
108;1000000000857;Biodex;9/05/2017;8/05/2020;3;2169;60
109;1000000000858;Fintone;10/05/2017;9/05/2020;4;3280;17
110;1000000000859;Daltfresh;11/05/2017;10/05/2020;5;5637;15
111;1000000000860;Ronstring;12/05/2017;11/05/2020;1;5815;44
112;1000000000861;Home Ing;13/05/2017;12/05/2020;2;9267;5
113;1000000000862;Lotstring;14/05/2017;13/05/2020;3;68;61
114;1000000000863;Bamity;15/05/2017;14/05/2020;4;795;86
115;1000000000864;Hatity;16/05/2017;15/05/2020;5;8161;62
116;1000000000865;Aerified;17/05/2017;16/05/2020;1;7172;50
117;1000000000866;Rank;18/05/2017;17/05/2020;2;6467;1
118;1000000000867;Andalax;19/05/2017;18/05/2020;3;1497;26
119;1000000000868;Regrant;20/05/2017;19/05/2020;4;3215;57
120;1000000000869;Cardguard;21/05/2017;20/05/2020;5;2383;44
121;1000000000870;Zaam-Dox;22/05/2017;21/05/2020;1;9087;60
122;1000000000871;Overhold;23/05/2017;22/05/2020;2;3571;72
123;1000000000872;Y-Solowarm;24/05/2017;23/05/2020;3;5148;77
124;1000000000873;Bytecard;25/05/2017;24/05/2020;4;75;42
125;1000000000874;Trippledex;26/05/2017;25/05/2020;5;2918;57
126;1000000000875;Treeflex;27/05/2017;26/05/2020;1;8301;83
127;1000000000876;Solarbreeze;28/05/2017;27/05/2020;2;9541;55
128;1000000000877;Redhold;29/05/2017;28/05/2020;3;9458;8
129;1000000000878;Zaam-Dox;30/05/2017;29/05/2020;4;9318;82
130;1000000000879;Rank;31/05/2017;30/05/2020;5;2772;42
131;1000000000880;Opela;1/06/2017;31/05/2020;1;7156;0
132;1000000000881;Flowdesk;2/06/2017;1/06/2020;2;7662;53
133;1000000000882;Toughjoyfax;3/06/2017;2/06/2020;3;2920;6
134;1000000000883;Mat Lam Tam;4/06/2017;3/06/2020;4;8506;1
135;1000000000884;Andalax;5/06/2017;4/06/2020;5;72;34
136;1000000000885;Keylex;6/06/2017;5/06/2020;1;5870;16
137;1000000000886;Quo Lux;7/06/2017;6/06/2020;2;4247;33
138;1000000000887;Alpha;8/06/2017;7/06/2020;3;6991;18
139;1000000000888;Lotstring;9/06/2017;8/06/2020;4;8798;25
140;1000000000889;Redhold;10/06/2017;9/06/2020;5;9106;66
141;1000000000890;Temp;11/06/2017;10/06/2020;1;381;17
142;1000000000891;Toughjoyfax;12/06/2017;11/06/2020;2;188;69
143;1000000000892;Stim;13/06/2017;12/06/2020;3;7028;34
144;1000000000893;Quo Lux;14/06/2017;13/06/2020;4;7470;2
145;1000000000894;Voltsillam;15/06/2017;14/06/2020;5;5458;68
146;1000000000895;Tempsoft;16/06/2017;15/06/2020;1;9730;17
147;1000000000896;Job;17/06/2017;16/06/2020;2;1575;86
148;1000000000897;Prodder;18/06/2017;17/06/2020;3;3641;78
149;1000000000898;Zoolab;19/06/2017;18/06/2020;4;4274;35
150;1000000000899;Sonair;20/06/2017;19/06/2020;5;1160;56
1;1000000000900;Fix San;21/06/2017;20/06/2020;1;2476;6
2;1000000000901;Cookley;22/06/2017;21/06/2020;2;9592;26
3;1000000000902;Fixflex;23/06/2017;22/06/2020;3;3115;57
4;1000000000903;Rank;24/06/2017;23/06/2020;4;6071;40
5;1000000000904;Alphazap;25/06/2017;24/06/2020;5;264;44
6;1000000000905;Subin;26/06/2017;25/06/2020;1;8832;11
7;1000000000906;Keylex;27/06/2017;26/06/2020;2;362;22
8;1000000000907;Lotstring;28/06/2017;27/06/2020;3;6351;99
9;1000000000908;Solarbreeze;29/06/2017;28/06/2020;4;325;4
10;1000000000909;Overhold;30/06/2017;29/06/2020;5;1919;88
11;1000000000910;Biodex;1/07/2017;30/06/2020;1;8596;71
12;1000000000911;Flexidy;2/07/2017;1/07/2020;2;8209;51
13;1000000000912;Matsoft;3/07/2017;2/07/2020;3;8561;26
14;1000000000913;Bytecard;4/07/2017;3/07/2020;4;4774;67
15;1000000000914;Zaam-Dox;5/07/2017;4/07/2020;5;100;4
16;1000000000915;Voltsillam;6/07/2017;5/07/2020;1;2368;72
17;1000000000916;Namfix;7/07/2017;6/07/2020;2;860;71
18;1000000000917;Latlux;8/07/2017;7/07/2020;3;2923;1
19;1000000000918;Y-find;9/07/2017;8/07/2020;4;1126;95
20;1000000000919;Wrapsafe;10/07/2017;9/07/2020;5;1300;39
21;1000000000920;It;11/07/2017;10/07/2020;1;5175;4
22;1000000000921;Hatity;12/07/2017;11/07/2020;2;4745;19
23;1000000000922;Veribet;13/07/2017;12/07/2020;3;310;9
24;1000000000923;Stronghold;14/07/2017;13/07/2020;4;151;81
25;1000000000924;Flexidy;15/07/2017;14/07/2020;5;1188;11
26;1000000000925;Voltsillam;16/07/2017;15/07/2020;1;6963;33
27;1000000000926;Daltfresh;17/07/2017;16/07/2020;2;8835;73
28;1000000000927;Namfix;18/07/2017;17/07/2020;3;4327;81
29;1000000000928;Cardify;19/07/2017;18/07/2020;4;3674;90
30;1000000000929;Domainer;20/07/2017;19/07/2020;5;4468;71
31;1000000000930;Tresom;21/07/2017;20/07/2020;1;7190;7
32;1000000000931;Sonsing;22/07/2017;21/07/2020;2;4066;83
33;1000000000932;Bigtax;23/07/2017;22/07/2020;3;7795;5
34;1000000000933;Flexidy;24/07/2017;23/07/2020;4;4434;79
35;1000000000934;Kanlam;25/07/2017;24/07/2020;5;8612;61
36;1000000000935;Vagram;26/07/2017;25/07/2020;1;3009;22
37;1000000000936;Subin;27/07/2017;26/07/2020;2;7760;96
38;1000000000937;Alphazap;28/07/2017;27/07/2020;3;6027;99
39;1000000000938;Pannier;29/07/2017;28/07/2020;4;8007;80
40;1000000000939;Konklux;30/07/2017;29/07/2020;5;3836;37
41;1000000000940;Span;31/07/2017;30/07/2020;1;4642;43
42;1000000000941;Toughjoyfax;1/08/2017;31/07/2020;2;7706;54
43;1000000000942;Redhold;2/08/2017;1/08/2020;3;7514;67
44;1000000000943;Trippledex;3/08/2017;2/08/2020;4;9238;49
45;1000000000944;Prodder;4/08/2017;3/08/2020;5;4944;62
46;1000000000945;Fixflex;5/08/2017;4/08/2020;1;5893;75
47;1000000000946;Alphazap;6/08/2017;5/08/2020;2;9205;6
48;1000000000947;Andalax;7/08/2017;6/08/2020;3;4405;58
49;1000000000948;Cookley;8/08/2017;7/08/2020;4;3215;43
50;1000000000949;Duobam;9/08/2017;8/08/2020;5;1459;85
51;1000000000950;Wrapsafe;10/08/2017;9/08/2020;1;981;84
52;1000000000951;Pannier;11/08/2017;10/08/2020;2;8144;46
53;1000000000952;Zontrax;12/08/2017;11/08/2020;3;8108;39
54;1000000000953;Treeflex;13/08/2017;12/08/2020;4;9602;15
55;1000000000954;Lotstring;14/08/2017;13/08/2020;5;5504;76
56;1000000000955;Bytecard;15/08/2017;14/08/2020;1;2954;90
57;1000000000956;Bamity;16/08/2017;15/08/2020;2;4109;61
58;1000000000957;Job;17/08/2017;16/08/2020;3;4236;41
59;1000000000958;Bytecard;18/08/2017;17/08/2020;4;2693;11
60;1000000000959;Lotlux;19/08/2017;18/08/2020;5;9655;3
61;1000000000960;Pannier;20/08/2017;19/08/2020;1;4562;76
62;1000000000961;Solarbreeze;21/08/2017;20/08/2020;2;8014;29
63;1000000000962;Prodder;22/08/2017;21/08/2020;3;638;20
64;1000000000963;Cardguard;23/08/2017;22/08/2020;4;6669;26
65;1000000000964;Namfix;24/08/2017;23/08/2020;5;1936;3
66;1000000000965;Bytecard;25/08/2017;24/08/2020;1;3982;57
67;1000000000966;Zoolab;26/08/2017;25/08/2020;2;208;61
68;1000000000967;Home Ing;27/08/2017;26/08/2020;3;7354;5
69;1000000000968;Zamit;28/08/2017;27/08/2020;4;4799;5
70;1000000000969;Fix San;29/08/2017;28/08/2020;5;7457;4
71;1000000000970;Konklab;30/08/2017;29/08/2020;1;7597;37
72;1000000000971;Stringtough;31/08/2017;30/08/2020;2;925;35
73;1000000000972;Treeflex;1/09/2017;31/08/2020;3;2682;22
74;1000000000973;Matsoft;2/09/2017;1/09/2020;4;106;91
75;1000000000974;Stringtough;3/09/2017;2/09/2020;5;5339;9
76;1000000000975;Holdlamis;4/09/2017;3/09/2020;1;4365;41
77;1000000000976;Trippledex;5/09/2017;4/09/2020;2;1677;94
78;1000000000977;Bigtax;6/09/2017;5/09/2020;3;6725;45
79;1000000000978;Zaam-Dox;7/09/2017;6/09/2020;4;3270;29
80;1000000000979;Stronghold;8/09/2017;7/09/2020;5;9901;12
81;1000000000980;Domainer;9/09/2017;8/09/2020;1;5288;38
82;1000000000981;Quo Lux;10/09/2017;9/09/2020;2;7419;68
83;1000000000982;Asoka;11/09/2017;10/09/2020;3;1087;99
84;1000000000983;Latlux;12/09/2017;11/09/2020;4;293;53
85;1000000000984;Bytecard;13/09/2017;12/09/2020;5;8330;80
86;1000000000985;Voyatouch;14/09/2017;13/09/2020;1;1075;92
87;1000000000986;Kanlam;15/09/2017;14/09/2020;2;8965;76
88;1000000000987;Otcom;16/09/2017;15/09/2020;3;9773;15
89;1000000000988;Fixflex;17/09/2017;16/09/2020;4;7355;91
90;1000000000989;Alpha;18/09/2017;17/09/2020;5;419;91
91;1000000000990;Latlux;19/09/2017;18/09/2020;1;7055;7
92;1000000000991;Cardify;20/09/2017;19/09/2020;2;722;96
93;1000000000992;Namfix;21/09/2017;20/09/2020;3;2403;59
94;1000000000993;Matsoft;22/09/2017;21/09/2020;4;118;37
95;1000000000994;Tampflex;23/09/2017;22/09/2020;5;2008;98
96;1000000000995;Domainer;24/09/2017;23/09/2020;1;3180;21
97;1000000000996;Sonsing;25/09/2017;24/09/2020;2;3796;80
98;1000000000997;Aerified;26/09/2017;25/09/2020;3;3080;5
99;1000000000998;Tampflex;27/09/2017;26/09/2020;4;2005;91
100;1000000000999;Voyatouch;28/09/2017;27/09/2020;5;4277;44
